Game,Home,Away,Date,Time,Stadium
001,Retrô / PE,Tombense / MG,13/04/2025,16:00,Arena Pernambuco Governador Carlos Wilson Campos / São Lourenço da Mata
002,Itabaiana / SE,Náutico / PE,13/04/2025,16:00,Etelvino Mendonça / Itabaiana
003,Guarani / SP,Maringa / PR,13/04/2025,16:00,Brinco de Ouro da Princesa / Campinas
004,Ituano / SP,Brusque / SC,12/04/2025,16:00,Novelli Junior / Itu
005,Sao Bernardo / SP,ABC / RN,13/04/2025,16:00,1º de Maio / Sao Bernardo do Campo
006,Londrina / PR,Ypiranga / RS,14/04/2025,20:00,Vitorino Gonçalves Dias / Londrina
007,Caxias / RS,Floresta / CE,13/04/2025,16:00,Francisco Stédile / Caxias do Sul
008,Figueirense / SC,Ponte Preta / SP,12/04/2025,16:00,Orlando Scarpelli / Florianopolis
009,CSA / AL,Anápolis / GO,12/04/2025,16:00,Rei Pelé / Maceio
010,Botafogo Pb / PB,Confiança / SE,12/04/2025,16:00,José Américo de Almeida Filho / Joao Pessoa
011,Náutico / PE,Botafogo Pb / PB,19/04/2025,17:00,Eládio de Barros Carvalho / Recife
012,Ponte Preta / SP,Retrô / PE,19/04/2025,17:00,Moisés Lucarelli / Campinas
013,Confiança / SE,Caxias / RS,20/04/2025,16:30,Lourival Baptista / Aracaju
014,Tombense / MG,Figueirense / SC,21/04/2025,19:30,Antônio Guimarães de Almeida / Tombos
015,Anápolis / GO,Ituano / SP,19/04/2025,19:30,Jonas Ferreira Duarte / Anapolis
016,Maringa / PR,Sao Bernardo / SP,20/04/2025,19:00,Willie Davids / Maringa
017,Ypiranga / RS,Itabaiana / SE,19/04/2025,19:30,Colosso da Lagoa / Erechim
018,Brusque / SC,Guarani / SP,20/04/2025,19:00,Augusto Bauer / Brusque
019,Floresta / CE,Londrina / PR,20/04/2025,16:30,Horácio Domingos de Sousa / Horizonte
020,ABC / RN,CSA / AL,21/04/2025,19:30,Maria Lamas Farache / Natal
021,Retrô / PE,Figueirense / SC,26/04/2025,19:30,Arena Pernambuco Governador Carlos Wilson Campos / São Lourenço da Mata
022,Itabaiana / SE,Sao Bernardo / SP,27/04/2025,16:30,Etelvino Mendonça / Itabaiana
023,Confiança / SE,Ponte Preta / SP,26/04/2025,17:00,Lourival Baptista / Aracaju
024,Ituano / SP,Tombense / MG,27/04/2025,16:30,Novelli Junior / Itu
025,Anápolis / GO,Floresta / CE,28/04/2025,19:30,Jonas Ferreira Duarte / Anapolis
026,Londrina / PR,Maringa / PR,26/04/2025,17:00,Vitorino Gonçalves Dias / Londrina
027,Caxias / RS,Guarani / SP,28/04/2025,19:30,Francisco Stédile / Caxias do Sul
028,Brusque / SC,Ypiranga / RS,27/04/2025,19:00,Augusto Bauer / Brusque
029,CSA / AL,Náutico / PE,26/04/2025,19:30,Rei Pelé / Maceio
030,Botafogo Pb / PB,ABC / RN,27/04/2025,19:00,José Américo de Almeida Filho / Joao Pessoa
031,Náutico / PE,Brusque / SC,04/05/2025,19:00,Eládio de Barros Carvalho / Recife
032,Ponte Preta / SP,Anápolis / GO,03/05/2025,19:30,Moisés Lucarelli / Campinas
033,Guarani / SP,Botafogo Pb / PB,04/05/2025,19:00,Brinco de Ouro da Princesa / Campinas
034,Tombense / MG,Itabaiana / SE,03/05/2025,19:30,Antônio Guimarães de Almeida / Tombos
035,Sao Bernardo / SP,Londrina / PR,05/05/2025,19:30,1º de Maio / Sao Bernardo do Campo
036,Maringa / PR,Confiança / SE,03/05/2025,17:00,Willie Davids / Maringa
037,Ypiranga / RS,CSA / AL,04/05/2025,16:30,Colosso da Lagoa / Erechim
038,Figueirense / SC,Caxias / RS,05/05/2025,19:30,Orlando Scarpelli / Florianopolis
039,Floresta / CE,Retrô / PE,04/05/2025,16:30,Horácio Domingos de Sousa / Horizonte
040,ABC / RN,Ituano / SP,03/05/2025,17:00,Maria Lamas Farache / Natal
041,Náutico / PE,Confiança / SE,10/05/2025,17:00,Eládio de Barros Carvalho / Recife
042,Itabaiana / SE,Figueirense / SC,12/05/2025,19:30,Etelvino Mendonça / Itabaiana
043,Guarani / SP,Sao Bernardo / SP,10/05/2025,17:00,Brinco de Ouro da Princesa / Campinas
044,Ituano / SP,Ponte Preta / SP,12/05/2025,19:30,Novelli Junior / Itu
045,Anápolis / GO,Ypiranga / RS,10/05/2025,19:30,Jonas Ferreira Duarte / Anapolis
047,Caxias / RS,Retrô / PE,11/05/2025,16:30,Francisco Stédile / Caxias do Sul
048,Brusque / SC,ABC / RN,10/05/2025,19:30,Augusto Bauer / Brusque
049,CSA / AL,Maringa / PR,11/05/2025,19:00,Rei Pelé / Maceio
050,Botafogo Pb / PB,Floresta / CE,11/05/2025,16:30,José Américo de Almeida Filho / Joao Pessoa
051,Retrô / PE,Itabaiana / SE,18/05/2025,19:00,Arena Pernambuco Governador Carlos Wilson Campos / São Lourenço da Mata
052,Ponte Preta / SP,Brusque / SC,17/05/2025,19:30,Moisés Lucarelli / Campinas
053,Confiança / SE,Londrina / PR,19/05/2025,19:30,Lourival Baptista / Aracaju
054,Tombense / MG,CSA / AL,17/05/2025,17:00,Antônio Guimarães de Almeida / Tombos
055,Sao Bernardo / SP,Caxias / RS,18/05/2025,16:30,1º de Maio / Sao Bernardo do Campo
056,Maringa / PR,Botafogo Pb / PB,18/05/2025,16:30,Willie Davids / Maringa
057,Ypiranga / RS,Náutico / PE,17/05/2025,19:30,Colosso da Lagoa / Erechim
058,Figueirense / SC,Ituano / SP,18/05/2025,19:00,Orlando Scarpelli / Florianopolis
059,Floresta / CE,Guarani / SP,17/05/2025,17:00,Horácio Domingos de Sousa / Horizonte
060,ABC / RN,Anápolis / GO,19/05/2025,19:30,Arena das Dunas / Natal
061,Náutico / PE,Ponte Preta / SP,24/05/2025,17:00,Eládio de Barros Carvalho / Recife
062,Itabaiana / SE,Caxias / RS,24/05/2025,19:30,Etelvino Mendonça / Itabaiana
063,Guarani / SP,Figueirense / SC,26/05/2025,19:30,Brinco de Ouro da Princesa / Campinas
064,Ituano / SP,Floresta / CE,25/05/2025,16:30,Novelli Junior / Itu
065,Anápolis / GO,Maringa / PR,25/05/2025,19:00,Jonas Ferreira Duarte / Anapolis
066,Londrina / PR,ABC / RN,24/05/2025,19:30,Vitorino Gonçalves Dias / Londrina
067,Ypiranga / RS,Tombense / MG,25/05/2025,16:30,Colosso da Lagoa / Erechim
068,Brusque / SC,Sao Bernardo / SP,26/05/2025,19:30,Augusto Bauer / Brusque
069,CSA / AL,Confiança / SE,24/05/2025,17:00,Rei Pelé / Maceio
070,Botafogo Pb / PB,Retrô / PE,25/05/2025,15:00,José Américo de Almeida Filho / Joao Pessoa
071,Retrô / PE,Guarani / SP,31/05/2025,17:00,Arena Pernambuco Governador Carlos Wilson Campos / São Lourenço da Mata
072,Ponte Preta / SP,Ypiranga / RS,02/06/2025,19:30,Moisés Lucarelli / Campinas
073,Confiança / SE,Brusque / SC,01/06/2025,16:30,Lourival Baptista / Aracaju
074,Tombense / MG,Anápolis / GO,01/06/2025,16:30,Antônio Guimarães de Almeida / Tombos
075,Sao Bernardo / SP,CSA / AL,02/06/2025,19:30,1º de Maio / Sao Bernardo do Campo
076,Maringa / PR,Ituano / SP,01/06/2025,19:00,Willie Davids / Maringa
077,Caxias / RS,Londrina / PR,31/05/2025,19:30,Francisco Stédile / Caxias do Sul
078,Figueirense / SC,Botafogo Pb / PB,01/06/2025,19:00,Orlando Scarpelli / Florianopolis
079,Floresta / CE,Itabaiana / SE,31/05/2025,19:30,Horácio Domingos de Sousa / Horizonte
080,ABC / RN,Náutico / PE,31/05/2025,17:00,Maria Lamas Farache / Natal
081,Náutico / PE,Maringa / PR,16/06/2025,19:30,Eládio de Barros Carvalho / Recife
082,Ponte Preta / SP,ABC / RN,14/06/2025,17:00,Moisés Lucarelli / Campinas
083,Guarani / SP,Itabaiana / SE,15/06/2025,19:00,Brinco de Ouro da Princesa / Campinas
084,Ituano / SP,Sao Bernardo / SP,14/06/2025,17:00,Novelli Junior / Itu
085,Anápolis / GO,Retrô / PE,14/06/2025,19:30,Jonas Ferreira Duarte / Anapolis
086,Londrina / PR,Figueirense / SC,15/06/2025,16:30,Vitorino Gonçalves Dias / Londrina
087,Ypiranga / RS,Confiança / SE,15/06/2025,19:00,Colosso da Lagoa / Erechim
088,Brusque / SC,Tombense / MG,15/06/2025,16:30,Augusto Bauer / Brusque
089,CSA / AL,Floresta / CE,16/06/2025,19:30,Rei Pelé / Maceio
090,Botafogo Pb / PB,Caxias / RS,14/06/2025,19:30,José Américo de Almeida Filho / Joao Pessoa
091,Retrô / PE,Londrina / PR,28/06/2025,17:00,Arena Pernambuco Governador Carlos Wilson Campos / São Lourenço da Mata
092,Itabaiana / SE,Botafogo Pb / PB,30/06/2025,19:30,Etelvino Mendonça / Itabaiana
093,Guarani / SP,CSA / AL,28/06/2025,17:00,Brinco de Ouro da Princesa / Campinas
094,Tombense / MG,Náutico / PE,29/06/2025,19:00,Antônio Guimarães de Almeida / Tombos
095,Sao Bernardo / SP,Anápolis / GO,28/06/2025,19:30,1º de Maio / Sao Bernardo do Campo
096,Maringa / PR,Ponte Preta / SP,28/06/2025,19:30,Willie Davids / Maringa
097,Caxias / RS,Ituano / SP,29/06/2025,19:00,Francisco Stédile / Caxias do Sul
098,Figueirense / SC,Confiança / SE,29/06/2025,16:30,Orlando Scarpelli / Florianopolis
099,Floresta / CE,Brusque / SC,30/06/2025,16:00,Horácio Domingos de Sousa / Horizonte
100,ABC / RN,Ypiranga / RS,29/06/2025,16:30,Maria Lamas Farache / Natal
101,Náutico / PE,Floresta / CE,05/07/2025,17:00,Eládio de Barros Carvalho / Recife
102,Ponte Preta / SP,Tombense / MG,07/07/2025,19:30,Moisés Lucarelli / Campinas
103,Confiança / SE,ABC / RN,05/07/2025,19:30,Lourival Baptista / Aracaju
104,Ituano / SP,Retrô / PE,05/07/2025,17:00,Novelli Junior / Itu
105,Anápolis / GO,Itabaiana / SE,06/07/2025,16:30,Jonas Ferreira Duarte / Anapolis
106,Londrina / PR,Guarani / SP,06/07/2025,16:30,Vitorino Gonçalves Dias / Londrina
107,Ypiranga / RS,Maringa / PR,06/07/2025,19:00,Colosso da Lagoa / Erechim
108,Brusque / SC,Figueirense / SC,06/07/2025,19:00,Augusto Bauer / Brusque
109,CSA / AL,Caxias / RS,05/07/2025,19:30,Rei Pelé / Maceio
110,Botafogo Pb / PB,Sao Bernardo / SP,07/07/2025,19:30,José Américo de Almeida Filho / Joao Pessoa
111,Retrô / PE,CSA / AL,14/07/2025,19:30,Arena Pernambuco Governador Carlos Wilson Campos / São Lourenço da Mata
113,Guarani / SP,Ituano / SP,13/07/2025,16:30,Brinco de Ouro da Princesa / Campinas
114,Tombense / MG,ABC / RN,12/07/2025,19:30,Antônio Guimarães de Almeida / Tombos
115,Sao Bernardo / SP,Ponte Preta / SP,12/07/2025,17:00,1º de Maio / Sao Bernardo do Campo
116,Maringa / PR,Brusque / SC,14/07/2025,19:30,Willie Davids / Maringa
117,Caxias / RS,Anápolis / GO,13/07/2025,19:00,Francisco Stédile / Caxias do Sul
118,Figueirense / SC,Náutico / PE,13/07/2025,19:00,Orlando Scarpelli / Florianopolis
119,Floresta / CE,Ypiranga / RS,12/07/2025,19:30,Horácio Domingos de Sousa / Horizonte
120,Botafogo Pb / PB,Londrina / PR,13/07/2025,16:30,José Américo de Almeida Filho / Joao Pessoa
121,Náutico / PE,Caxias / RS,21/07/2025,19:30,Eládio de Barros Carvalho / Recife
122,Ponte Preta / SP,Floresta / CE,19/07/2025,19:30,Moisés Lucarelli / Campinas
123,Confiança / SE,Tombense / MG,20/07/2025,16:30,Lourival Baptista / Aracaju
124,Ituano / SP,Botafogo Pb / PB,19/07/2025,17:00,Novelli Junior / Itu
125,Anápolis / GO,Guarani / SP,21/07/2025,19:30,Jonas Ferreira Duarte / Anapolis
126,Londrina / PR,Itabaiana / SE,19/07/2025,19:30,Vitorino Gonçalves Dias / Londrina
127,Ypiranga / RS,Sao Bernardo / SP,20/07/2025,19:00,Colosso da Lagoa / Erechim
128,Brusque / SC,Retrô / PE,20/07/2025,19:00,Augusto Bauer / Brusque
129,CSA / AL,Figueirense / SC,20/07/2025,16:30,Rei Pelé / Maceio
130,ABC / RN,Maringa / PR,19/07/2025,17:00,Arena das Dunas / Natal
131,Retrô / PE,Ypiranga / RS,26/07/2025,19:30,Arena Pernambuco Governador Carlos Wilson Campos / São Lourenço da Mata
132,Itabaiana / SE,Ituano / SP,27/07/2025,16:30,Etelvino Mendonça / Itabaiana
133,Guarani / SP,Náutico / PE,26/07/2025,17:00,Brinco de Ouro da Princesa / Campinas
134,Tombense / MG,Maringa / PR,28/07/2025,19:30,Antônio Guimarães de Almeida / Tombos
135,Sao Bernardo / SP,Confiança / SE,27/07/2025,19:00,1º de Maio / Sao Bernardo do Campo
136,Londrina / PR,CSA / AL,26/07/2025,19:30,Vitorino Gonçalves Dias / Londrina
137,Caxias / RS,Ponte Preta / SP,27/07/2025,16:30,Francisco Stédile / Caxias do Sul
138,Figueirense / SC,Anápolis / GO,27/07/2025,16:30,Orlando Scarpelli / Florianopolis
139,Floresta / CE,ABC / RN,26/07/2025,17:00,Horácio Domingos de Sousa / Horizonte
140,Botafogo Pb / PB,Brusque / SC,28/07/2025,19:30,José Américo de Almeida Filho / Joao Pessoa
141,Náutico / PE,Retrô / PE,03/08/2025,19:00,Eládio de Barros Carvalho / Recife
142,Ponte Preta / SP,Guarani / SP,02/08/2025,17:00,Moisés Lucarelli / Campinas
143,Confiança / SE,Anápolis / GO,04/08/2025,19:30,Lourival Baptista / Aracaju
144,Ituano / SP,Londrina / PR,04/08/2025,19:30,Novelli Junior / Itu
145,Sao Bernardo / SP,Tombense / MG,03/08/2025,16:30,1º de Maio / Sao Bernardo do Campo
146,Maringa / PR,Floresta / CE,03/08/2025,16:30,Willie Davids / Maringa
147,Ypiranga / RS,Caxias / RS,03/08/2025,19:00,Colosso da Lagoa / Erechim
148,Brusque / SC,Itabaiana / SE,04/08/2025,16:00,Augusto Bauer / Brusque
149,CSA / AL,Botafogo Pb / PB,02/08/2025,17:00,Rei Pelé / Maceio
150,ABC / RN,Figueirense / SC,02/08/2025,19:30,Maria Lamas Farache / Natal
151,Retrô / PE,Sao Bernardo / SP,10/08/2025,19:00,Arena Pernambuco Governador Carlos Wilson Campos / São Lourenço da Mata
152,Itabaiana / SE,CSA / AL,11/08/2025,19:30,Etelvino Mendonça / Itabaiana
153,Guarani / SP,Ypiranga / RS,09/08/2025,19:30,Brinco de Ouro da Princesa / Campinas
154,Ituano / SP,Confiança / SE,09/08/2025,19:30,Novelli Junior / Itu
155,Anápolis / GO,Brusque / SC,10/08/2025,16:30,Jonas Ferreira Duarte / Anapolis
156,Londrina / PR,Náutico / PE,10/08/2025,11:00,Vitorino Gonçalves Dias / Londrina
157,Caxias / RS,ABC / RN,09/08/2025,17:00,Francisco Stédile / Caxias do Sul
158,Figueirense / SC,Maringa / PR,11/08/2025,19:30,Orlando Scarpelli / Florianopolis
159,Floresta / CE,Tombense / MG,10/08/2025,16:30,Horácio Domingos de Sousa / Horizonte
160,Botafogo Pb / PB,Ponte Preta / SP,09/08/2025,17:00,José Américo de Almeida Filho / Joao Pessoa
161,Náutico / PE,Anápolis / GO,17/08/2025,19:00,Eládio de Barros Carvalho / Recife
162,Ponte Preta / SP,Itabaiana / SE,16/08/2025,17:00,Moisés Lucarelli / Campinas
163,Confiança / SE,Floresta / CE,17/08/2025,19:00,Lourival Baptista / Aracaju
164,Tombense / MG,Caxias / RS,18/08/2025,19:30,Antônio Guimarães de Almeida / Tombos
165,Sao Bernardo / SP,Figueirense / SC,17/08/2025,16:30,1º de Maio / Sao Bernardo do Campo
166,Maringa / PR,Retrô / PE,16/08/2025,17:00,Willie Davids / Maringa
167,Ypiranga / RS,Botafogo Pb / PB,18/08/2025,19:30,Colosso da Lagoa / Erechim
168,Brusque / SC,Londrina / PR,17/08/2025,16:30,Augusto Bauer / Brusque
169,CSA / AL,Ituano / SP,16/08/2025,19:30,Rei Pelé / Maceio
170,ABC / RN,Guarani / SP,16/08/2025,19:30,Maria Lamas Farache / Natal
171,Retrô / PE,ABC / RN,24/08/2025,19:00,Arena Pernambuco Governador Carlos Wilson Campos / São Lourenço da Mata
172,Itabaiana / SE,Maringa / PR,24/08/2025,16:30,Etelvino Mendonça / Itabaiana
173,Guarani / SP,Confiança / SE,25/08/2025,19:30,Brinco de Ouro da Princesa / Campinas
174,Ituano / SP,Ypiranga / RS,23/08/2025,17:00,Novelli Junior / Itu
175,Sao Bernardo / SP,Náutico / PE,24/08/2025,19:00,1º de Maio / Sao Bernardo do Campo
176,Londrina / PR,Anápolis / GO,24/08/2025,16:30,Vitorino Gonçalves Dias / Londrina
177,Caxias / RS,Brusque / SC,23/08/2025,17:00,Francisco Stédile / Caxias do Sul
178,Figueirense / SC,Floresta / CE,23/08/2025,19:30,Orlando Scarpelli / Florianopolis
179,CSA / AL,Ponte Preta / SP,25/08/2025,19:30,Rei Pelé / Maceio
180,Botafogo Pb / PB,Tombense / MG,24/08/2025,19:00,José Américo de Almeida Filho / Joao Pessoa
181,Náutico / PE,Ituano / SP,30/08/2025,17:00,Eládio de Barros Carvalho / Recife
182,Ponte Preta / SP,Londrina / PR,30/08/2025,17:00,Moisés Lucarelli / Campinas
183,Confiança / SE,Retrô / PE,30/08/2025,17:00,Lourival Baptista / Aracaju
184,Tombense / MG,Guarani / SP,30/08/2025,17:00,Antônio Guimarães de Almeida / Tombos
185,Anápolis / GO,Botafogo Pb / PB,30/08/2025,17:00,Jonas Ferreira Duarte / Anapolis
186,Maringa / PR,Caxias / RS,30/08/2025,17:00,Willie Davids / Maringa
187,Ypiranga / RS,Figueirense / SC,30/08/2025,17:00,Colosso da Lagoa / Erechim
188,Brusque / SC,CSA / AL,30/08/2025,17:00,Augusto Bauer / Brusque
189,Floresta / CE,Sao Bernardo / SP,30/08/2025,17:00,Horácio Domingos de Sousa / Horizonte
190,ABC / RN,Itabaiana / SE,30/08/2025,17:00,Maria Lamas Farache / Natal
191,Floresta / CE,Caxias / RS,07/09/2025,16:30,Horácio Domingos de Sousa / Horizonte
192,Sao Bernardo / SP,Londrina / PR,06/09/2025,19:30,1º de Maio / Sao Bernardo do Campo
193,Guarani / SP,Ponte Preta / SP,06/09/2025,17:00,Brinco de Ouro da Princesa / Campinas
194,Brusque / SC,Náutico / PE,07/09/2025,19:00,Augusto Bauer / Brusque
195,Caxias / RS,Sao Bernardo / SP,13/09/2025,19:30,Francisco Stédile / Caxias do Sul
196,Londrina / PR,Floresta / CE,14/09/2025,16:30,Vitorino Gonçalves Dias / Londrina
197,Ponte Preta / SP,Brusque / SC,14/09/2025,19:00,Moisés Lucarelli / Campinas
198,Náutico / PE,Guarani / SP,13/09/2025,17:00,Eládio de Barros Carvalho / Recife
199,Londrina / PR,Caxias / RS,20/09/2025,19:30,Vitorino Gonçalves Dias / Londrina
200,Floresta / CE,Sao Bernardo / SP,21/09/2025,16:30,Horácio Domingos de Sousa / Horizonte
201,Náutico / PE,Ponte Preta / SP,20/09/2025,17:00,Eládio de Barros Carvalho / Recife
202,Guarani / SP,Brusque / SC,21/09/2025,19:00,Brinco de Ouro da Princesa / Campinas
203,Caxias / RS,Londrina / PR,28/09/2025,19:00,Francisco Stédile / Caxias do Sul
204,Sao Bernardo / SP,Floresta / CE,28/09/2025,16:30,1º de Maio / Sao Bernardo do Campo
205,Ponte Preta / SP,Náutico / PE,27/09/2025,17:00,Moisés Lucarelli / Campinas
206,Brusque / SC,Guarani / SP,27/09/2025,19:30,Augusto Bauer / Brusque
207,Sao Bernardo / SP,Caxias / RS,05/10/2025,19:00,1º de Maio / Sao Bernardo do Campo
208,Floresta / CE,Londrina / PR,05/10/2025,16:30,Horácio Domingos de Sousa / Horizonte
209,Brusque / SC,Ponte Preta / SP,04/10/2025,19:30,Augusto Bauer / Brusque
210,Guarani / SP,Náutico / PE,04/10/2025,17:00,Brinco de Ouro da Princesa / Campinas
211,Caxias / RS,Floresta / CE,11/10/2025,17:00,Francisco Stédile / Caxias do Sul
212,Londrina / PR,Sao Bernardo / SP,11/10/2025,17:00,Vitorino Gonçalves Dias / Londrina
213,Ponte Preta / SP,Guarani / SP,11/10/2025,17:00,Moisés Lucarelli / Campinas
214,Náutico / PE,Brusque / SC,11/10/2025,17:00,Eládio de Barros Carvalho / Recife
215,Londrina / PR,Ponte Preta / SP,18/10/2025,17:00,Vitorino Gonçalves Dias / Londrina
216,Ponte Preta / SP,Londrina / PR,25/10/2025,17:00,Moisés Lucarelli / Campinas
